<?xml version="1.0" encoding="UTF-8"?>
<beans xmlns="http://www.springframework.org/schema/beans"
	xmlns:xsi="http://www.w3.org/2001/XMLSchema-instance"
	xmlns:context="http://www.springframework.org/schema/context"
	xmlns:aop="http://www.springframework.org/schema/aop"
	xmlns:tx="http://www.springframework.org/schema/tx"
	xsi:schemaLocation="http://www.springframework.org/schema/beans 
	http://www.springframework.org/schema/beans/spring-beans.xsd
	http://www.springframework.org/schema/context
	http://www.springframework.org/schema/context/spring-context.xsd
	http://www.springframework.org/schema/aop
	http://www.springframework.org/schema/aop/spring-aop.xsd
	http://www.springframework.org/schema/tx
	http://www.springframework.org/schema/tx/spring-tx.xsd">
	
	<!-- 配置c3p0连接池 -->
    <bean id="dataSource" class="com.mchange.v2.c3p0.ComboPooledDataSource">
		<property name="driverClass" value="com.mysql.jdbc.Driver"></property>
		<property name="jdbcUrl" value="jdbc:mysql:///crm_hy"></property>
		<property name="user" value="root"></property>
		<property name="password" value="admin"></property>
	</bean>
	
	<!-- sessionfactory创建 -->
	<bean id="sessionFactory" class="org.springframework.orm.hibernate5.LocalSessionFactoryBean">
		<property name="dataSource" ref="dataSource"></property>
		<property name="configLocations" value="classpath:hibernate.cfg.xml"></property>
	</bean>
	
	<!-- 事务管理器 -->
	<bean id="transactionManager" class="org.springframework.orm.hibernate5.HibernateTransactionManager">
		<property name="sessionFactory" ref="sessionFactory"></property>
	</bean>
	
	<tx:annotation-driven transaction-manager="transactionManager"/>
	
	<bean id="userAction" class="cn.itcast.action.UserAction" scope="prototype">
		<property name="userService" ref="userService"></property>
	</bean>
	
	<bean id="userService" class="cn.itcast.service.UserService">
		<property name="userDao" ref="userDaoImpl"></property>
	</bean>
	
	<bean id="userDaoImpl" class="cn.itcast.dao.UserDaoImpl">
		<!-- <property name="hibernateTemplate" ref="hibernateTemplate"></property> -->
		<property name="sessionFactory" ref="sessionFactory"></property>
	</bean>
	
	<!-- <bean id="hibernateTemplate" class="org.springframework.orm.hibernate5.HibernateTemplate">
		<property name="sessionFactory" ref="sessionFactory"></property>
	</bean> -->
	
	<import resource="classpath:customer.xml"/>
	<import resource="classpath:linkman.xml"/>
	<import resource="classpath:visit.xml"/>
</beans>










