<?xml version="1.0" encoding="UTF-8"?>
<!DOCTYPE hibernate-configuration PUBLIC
	"-//Hibernate/Hibernate Configuration DTD 3.0//EN"
	"http://www.hibernate.org/dtd/hibernate-configuration-3.0.dtd">
<hibernate-configuration>
	<session-factory>	
		<!-- 第二部分： 配置hibernate信息  可选的-->
		<!-- 输出底层sql语句 -->
		<property name="hibernate.show_sql">true</property>
		<!-- 输出底层sql语句格式 -->
		<property name="hibernate.format_sql">true</property>
		<!-- hibernate帮创建表，需要配置之后 
			update: 如果已经有表，更新，如果没有，创建
		-->
		<property name="hibernate.hbm2ddl.auto">update</property>
		<!-- 配置数据库方言
			在mysql里面实现分页 关键字 limit，只能使用mysql里面
			在oracle数据库，实现分页rownum
			让hibernate框架识别不同数据库的自己特有的语句
		 -->
		<property name="hibernate.dialect">org.hibernate.dialect.MySQLDialect</property>
		
		
		<!-- 第三部分： 把映射文件放到核心配置文件中 必须的-->
		<mapping resource="cn/itcast/entity/User.hbm.xml"/>
		<mapping resource="cn/itcast/entity/Customer.hbm.xml"/>
		<mapping resource="cn/itcast/entity/LinkMan.hbm.xml"/>
		<mapping resource="cn/itcast/entity/Visit.hbm.xml"/>
		<mapping resource="cn/itcast/entity/Dict.hbm.xml"/>
	</session-factory>
</hibernate-configuration>

