<?xml version="1.0" encoding="UTF-8"?>
<!DOCTYPE struts PUBLIC
	"-//Apache Software Foundation//DTD Struts Configuration 2.3//EN"
	"http://struts.apache.org/dtds/struts-2.3.dtd">
<struts>
<constant name="struts.multipart.maxSize" value="20971520"></constant>
	<package name="demo1" extends="struts-default" namespace="/">
	<interceptors>
			<interceptor name="loginintercept" class="cn.itcast.interceptor.LoginInterceptor"></interceptor>
	</interceptors>
		
		<action name="user_*" class="userAction" method="{1}">
		
		<interceptor-ref name="loginintercept">
		<param name="excludeMethods">login</param>
			</interceptor-ref>
			<interceptor-ref name="defaultStack"></interceptor-ref>
			
			
			<result name="loginsuccess">/index.htm</result>
			<result name="login">/login.jsp</result>
		</action>
		
		<action name="customer_*" class="customerAction" method="{1}">
		
		<interceptor-ref name="loginintercept">
		<param name="excludeMethods">login</param>
			</interceptor-ref>
			<interceptor-ref name="defaultStack"></interceptor-ref>
			
			
			<result name="toAddPage">/jsp/customer/add.jsp</result>
			<!-- 添加之后 -->
			<result name="add" type="redirectAction">customer_list</result>
			<!-- 列表页面 -->
			<result name="list">/jsp/customer/list.jsp</result>
			<!-- 拦截是否登录 -->
			<result name="login">/login.jsp</result>
			<!-- 删除页面 -->
			<result name="delete" type="redirectAction">customer_list</result>
			<!-- 到修改页面 -->
			<result name="showcustomer">/jsp/customer/edit.jsp</result>
			<!-- 修改 -->
			<result name="update" type="redirectAction">customer_list</result>
			<!-- 分页 -->
			<result name="listpage">/jsp/customer/listpage.jsp</result>
			<!-- 条件查询 -->
			<result name="listcondition">/jsp/customer/list.jsp</result>
			<!-- 到综合查询页面 -->
			<result name="toSelectCustomer">/jsp/select/select.jsp</result>
			<!-- 综合查询 -->
			<result name="moreCondition">/jsp/customer/list.jsp</result>
			<!-- 根据来源统计 -->
			<result name="countSource">/jsp/customer/listSource.jsp</result>
			<!-- 根据级别统计 -->
			<result name="countLevel">/jsp/customer/listLevel.jsp</result>
		</action>
		
		<action name="linkman_*" class="linkManAction" method="{1}">
		
		<interceptor-ref name="loginintercept">
		<param name="excludeMethods">login</param>
			</interceptor-ref>
			<interceptor-ref name="defaultStack"></interceptor-ref>
			 
			<result name="login">/login.jsp</result>
			
			
			
			<!-- 到添加页面 -->
			<result name="toAddPage">/jsp/linkman/add.jsp</result>
			<result name="addLinkMan" type="redirectAction">linkman_list</result>
			<!-- 配置input结果 -->
			<result name="input">/jsp/error.jsp</result>
			<!-- 联系人列表 -->
			<result name="list">/jsp/linkman/list.jsp</result>
			<!-- 到修改页面 -->
			<result name="showLinkMan">/jsp/linkman/edit.jsp</result>
			<result name="updateLinkman" type="redirectAction">linkman_list</result>
			<!-- 删除 -->
			<result name="deletelink" >/jsp/linkman/list.jsp</result>
			<!-- 联系人查询 -->
			<result name="toSelect">/jsp/select/linkman.jsp</result>
			<result name="moreCondition">/jsp/linkman/list.jsp</result>
		</action>
		
		<action name="visit_*" class="visitAction" method="{1}">
		
		<interceptor-ref name="loginintercept">
		<param name="excludeMethods">login</param>
			</interceptor-ref>
			<interceptor-ref name="defaultStack"></interceptor-ref>
			 
			<result name="login">/login.jsp</result>
			<result name="toAddPage">/jsp/visit/add.jsp</result>
			<result name="addVisit" type="redirectAction">visit_list</result>
			<!-- 列表 -->
			<result name="list">/jsp/visit/list.jsp</result>
		</action>
	</package>

</struts>



