<?xml version="1.0" encoding="UTF-8"?>
<!DOCTYPE hibernate-mapping PUBLIC 
    "-//Hibernate/Hibernate Mapping DTD 3.0//EN"
    "http://www.hibernate.org/dtd/hibernate-mapping-3.0.dtd">
<hibernate-mapping>
	<!-- 1 配置类和表对应 
		class标签
		name属性：实体类全路径
		table属性：数据库表名称
	-->
	<class name="cn.itcast.entity.Customer" table="hy_customer">
		<id name="cid" column="cid">
			<generator class="native"></generator>
		</id>
		<property name="custName" column="custName"></property>
		<property name="custSource" column="custSource"></property>
		<property name="custPhone" column="custPhone"></property>
		<property name="custMobile" column="custMobile"></property>
		
		<!-- 表示客户所有联系人 -->
		<set name="setLinkMan" inverse="true"  cascade="delete">
			<key column="clid"></key>
			<one-to-many class="cn.itcast.entity.LinkMan"/>
		</set>
		<!-- 拜访 -->
		<set name="setCusVisits">
		<key column="civd"></key>
		<one-to-many class="cn.itcast.entity.Visit"/>
		</set>
		
		<!-- 所属级别 -->
		<many-to-one name="dictCustLevel" class="cn.itcast.entity.Dict" column="custLevel"></many-to-one>
		
	</class>
</hibernate-mapping>